Timestamp,MPU1_Accel_X,MPU1_Accel_Y,MPU1_Accel_Z,MPU1_Gyro_X,MPU1_Gyro_Y,MPU1_Gyro_Z,MPU2_Accel_X,MPU2_Accel_Y,MPU2_Accel_Z,MPU2_Gyro_X,MPU2_Gyro_Y,MPU2_Gyro_Z,Temp_C,Temp_F,Humidity,Gas_Analog,Gas_Digital
2026-07-18T17:07:27.969Z,3468,428,17548,1954,-1,-362,4156,572,15656,23,97,-29,26.05,78.89,65.39,244,1
2026-07-18T17:07:28.214Z,3396,364,17604,1957,-36,-325,4164,580,15640,61,99,-47,26.05,78.89,65.4,245,1
2026-07-18T17:07:28.752Z,3416,440,17588,1977,-42,-334,4164,608,15652,66,82,-21,26.03,78.854,65.4,244,1
2026-07-18T17:07:28.990Z,3444,488,17628,1985,-12,-285,4108,644,15724,49,93,-58,26.03,78.854,65.46,244,1
2026-07-18T17:07:29.112Z,3296,412,17756,1992,-18,-324,4128,660,15644,58,55,-41,26.05,78.89,65.46,244,1
2026-07-18T17:07:29.351Z,3388,496,17604,1990,-7,-360,4164,540,15648,37,72,-22,26.02,78.836,65.5,244,1
2026-07-18T17:07:29.591Z,3344,564,17484,1983,-30,-327,4192,608,15640,47,95,-23,26.02,78.836,65.5,244,1
2026-07-18T17:07:29.833Z,3388,432,17572,1966,7,-329,4204,584,15588,33,86,-4,26.05,78.89,65.49,244,1
2026-07-18T17:07:30.013Z,3352,492,17552,1966,-23,-333,4120,576,15648,68,84,-24,26.03,78.854,65.5,244,1
2026-07-18T17:07:30.131Z,3312,480,17552,1961,7,-307,4152,612,15604,72,86,-25,26.05,78.89,65.49,243,1
2026-07-18T17:07:30.432Z,3356,436,17544,1987,10,-327,4140,680,15508,97,60,-44,26.01,78.818,65.54,244,1
2026-07-18T17:07:30.849Z,3324,448,17676,1983,-35,-357,4092,556,15628,57,101,-27,26.01,78.818,65.56,244,1
2026-07-18T17:07:31.033Z,3416,468,17576,1961,-23,-337,4132,640,15488,45,81,-33,26.02,78.836,65.54,243,1
2026-07-18T17:07:31.214Z,3372,452,17488,2003,-39,-316,4112,632,15564,70,136,-33,26.02,78.836,65.56,244,1
2026-07-18T17:07:31.392Z,3372,440,17644,2029,-28,-344,4204,640,15692,47,96,-24,26.03,78.854,65.54,243,1
2026-07-18T17:07:31.691Z,3300,484,17496,1975,-36,-341,4128,656,15592,70,85,-39,26.03,78.854,65.54,244,1
2026-07-18T17:07:32.470Z,3440,504,17560,1946,-1,-308,4196,632,15648,75,95,-15,26.05,78.89,65.53,244,1
2026-07-18T17:07:33.734Z,3372,452,17728,1977,-23,-348,4128,648,15720,28,98,-47,26.03,78.854,65.53,243,1
2026-07-18T17:07:34.031Z,3364,412,17432,1982,-4,-346,4140,648,15700,60,121,-21,26.02,78.836,65.54,243,1
2026-07-18T17:07:34.333Z,3416,496,17624,1976,-37,-336,4164,576,15620,86,72,-71,26.02,78.836,65.54,243,1
2026-07-18T17:07:34.690Z,3412,500,17632,1960,17,-334,4104,644,15636,62,83,-35,26.02,78.836,65.56,244,1
2026-07-18T17:07:34.991Z,3340,416,17604,1964,-22,-330,4144,592,15740,54,94,-15,26.02,78.836,65.54,243,1
2026-07-18T17:07:35.291Z,3348,392,17608,1974,-43,-362,4184,620,15628,74,115,-26,26.05,78.89,65.53,243,1
2026-07-18T17:07:35.713Z,3376,456,17600,2006,6,-341,4144,596,15684,88,106,-33,26.03,78.854,65.53,243,1
2026-07-18T17:07:35.951Z,3408,432,17576,1990,-9,-316,4168,596,15752,50,74,-46,26.02,78.836,65.53,244,1
2026-07-18T17:07:36.251Z,3348,440,17664,1957,-8,-352,4192,612,15724,59,76,-17,26.03,78.854,65.54,243,1
2026-07-18T17:07:36.552Z,3360,440,17412,1955,-49,-332,4180,628,15604,74,74,-31,26.03,78.854,65.54,244,1
2026-07-18T17:07:36.733Z,3404,456,17564,2005,-7,-331,4128,600,15604,60,85,-58,26.03,78.854,65.54,244,1
2026-07-18T17:07:36.913Z,3340,480,17676,1955,-12,-346,4184,628,15648,91,80,-48,26.02,78.836,65.56,243,1
2026-07-18T17:07:37.213Z,3356,412,17560,1964,-10,-342,4072,644,15620,53,96,-61,26.01,78.818,65.57,243,1
2026-07-18T17:07:37.751Z,3440,464,17472,1952,-23,-338,4128,688,15604,60,95,15,26.02,78.836,65.56,242,1
2026-07-18T17:07:37.813Z,3352,452,17628,1961,-34,-321,4148,576,15628,24,95,-89,26.02,78.836,65.56,243,1
2026-07-18T17:07:38.052Z,3328,496,17536,1975,-31,-320,4068,584,15580,56,97,-8,26.02,78.836,65.54,242,1
2026-07-18T17:07:38.533Z,3352,464,17608,1971,-6,-338,4148,588,15688,41,110,-56,26.02,78.836,65.54,243,1
2026-07-18T17:07:38.713Z,3328,476,17608,1979,-20,-306,4164,628,15548,73,89,-34,26.01,78.818,65.54,243,1
2026-07-18T17:07:39.190Z,3424,456,17504,1991,-19,-345,4160,676,15644,58,105,38,25.99,78.782,65.51,243,1
2026-07-18T17:07:39.733Z,3364,480,17516,1975,-44,-323,4152,540,15596,76,112,-19,25.99,78.782,65.5,243,1
2026-07-18T17:07:40.151Z,3400,480,17664,1972,-9,-339,4168,600,15764,88,110,-19,25.99,78.782,65.5,243,1
2026-07-18T17:07:40.391Z,3388,364,17472,1951,-37,-306,4144,608,15660,50,90,-32,25.99,78.782,65.5,243,1
2026-07-18T17:07:40.690Z,3408,492,17620,1972,-46,-328,4120,640,15696,29,84,-66,25.99,78.782,65.48,243,1
2026-07-18T17:07:41.170Z,3312,388,17692,1975,2,-304,4136,592,15524,41,73,-39,25.98,78.764,65.48,243,1
2026-07-18T17:07:41.714Z,3380,488,17664,1991,-30,-324,4176,616,15520,70,111,-55,25.99,78.782,65.48,243,1
2026-07-18T17:07:42.133Z,3376,428,17592,1935,-17,-338,4108,604,15588,83,81,-23,25.99,78.782,65.48,242,1
2026-07-18T17:07:43.090Z,3368,448,17572,1967,-11,-354,4168,620,15632,31,88,-56,25.99,78.782,65.48,243,1
2026-07-18T17:07:44.113Z,3412,428,17556,1972,-23,-316,4096,648,15652,68,96,-4,25.99,78.782,65.5,243,1
2026-07-18T17:07:44.591Z,3300,504,17540,2024,-15,-319,4152,592,15556,56,118,-53,26.01,78.818,65.48,243,1
2026-07-18T17:07:44.603Z,3436,448,17568,1990,-18,-317,4112,544,15600,44,86,-39,25.99,78.782,65.48,242,1
2026-07-18T17:07:45.370Z,3432,412,17568,1947,-41,-300,4104,556,15584,81,100,-28,25.98,78.764,65.48,242,1
2026-07-18T17:07:45.435Z,3380,504,17564,1952,-47,-312,4072,564,15724,52,95,-61,25.96,78.72800000000001,65.51,243,1
2026-07-18T17:07:45.670Z,3444,440,17616,1995,-11,-323,4212,604,15748,68,91,-54,25.99,78.782,65.51,242,1
2026-07-18T17:07:46.270Z,3356,484,17576,1962,-14,-335,4148,604,15692,59,95,-41,25.99,78.782,65.51,243,1
2026-07-18T17:07:46.570Z,3400,464,17524,2000,1,-330,4120,604,15556,74,74,-37,25.96,78.72800000000001,65.54,243,1
2026-07-18T17:07:47.532Z,3356,460,17544,1990,-14,-329,4136,592,15760,68,102,-27,25.98,78.764,65.54,243,1
2026-07-18T17:07:47.831Z,3320,412,17472,1981,-19,-309,4132,616,15656,63,118,-28,25.96,78.72800000000001,65.56,243,1
2026-07-18T17:07:48.551Z,3364,392,17568,1946,-18,-325,4144,648,15608,11,100,-79,25.96,78.72800000000001,65.57,243,1
2026-07-18T17:07:48.852Z,3384,420,17608,1976,-27,-331,4104,632,15620,57,95,-48,25.96,78.72800000000001,65.57,242,1
2026-07-18T17:07:49.091Z,3424,476,17592,1984,-24,-325,4156,632,15708,77,93,-49,25.98,78.764,65.57,243,1
2026-07-18T17:07:49.270Z,3368,432,17492,1980,-21,-342,4132,648,15556,31,87,-65,25.96,78.72800000000001,65.56,242,1
2026-07-18T17:07:49.931Z,3348,420,17524,1967,-49,-324,4164,628,15648,64,87,-15,25.95,78.71,65.53,243,1
2026-07-18T17:07:50.292Z,3316,464,17516,1977,-28,-335,4108,616,15564,44,75,-39,25.95,78.71,65.54,242,1
2026-07-18T17:07:50.891Z,3372,500,17536,1983,-38,-337,4136,692,15712,19,116,-104,25.95,78.71,65.54,242,1
2026-07-18T17:07:51.251Z,3436,496,17572,1981,-7,-340,4200,536,15676,78,109,-53,25.95,78.71,65.58,241,1
2026-07-18T17:07:51.433Z,3416,480,17536,1979,-10,-333,4076,644,15676,57,72,-51,25.92,78.656,65.67,242,1
2026-07-18T17:07:51.670Z,3468,428,17508,1999,-4,-341,4128,572,15548,70,82,-24,25.94,78.69200000000001,65.7,242,1
2026-07-18T17:07:51.970Z,3420,488,17484,1976,27,-317,4168,584,15644,51,65,-39,25.95,78.71,65.69,243,1
2026-07-18T17:07:52.391Z,3380,444,17728,1969,0,-325,4100,624,15644,59,111,-58,25.94,78.69200000000001,65.75,243,1
2026-07-18T17:07:52.991Z,3384,424,17564,1943,-3,-305,4124,628,15620,26,91,-73,25.95,78.71,65.75,241,1
2026-07-18T17:07:53.352Z,3396,488,17592,1944,-27,-330,4156,660,15604,49,103,-30,25.95,78.71,65.75,242,1
2026-07-18T17:07:54.613Z,3292,484,17548,1966,-17,-323,4148,600,15668,39,101,-7,25.92,78.656,65.79,242,1
2026-07-18T17:07:54.912Z,3380,468,17596,1970,-25,-318,4144,652,15588,19,71,-52,25.94,78.69200000000001,65.79,242,1
2026-07-18T17:07:55.932Z,3356,412,17620,1977,-25,-349,4092,612,15660,58,79,-39,25.92,78.656,65.83,243,1
2026-07-18T17:07:56.291Z,3432,520,17584,2011,-3,-349,4152,668,15756,45,87,-54,25.92,78.656,65.82,242,1
2026-07-18T17:07:56.533Z,3324,452,17544,1968,-2,-298,4148,644,15664,44,89,-17,25.92,78.656,65.85,242,1
2026-07-18T17:07:56.712Z,3412,448,17608,1978,-13,-322,4144,592,15616,55,85,-19,25.92,78.656,65.85,241,1
2026-07-18T17:07:57.012Z,3384,412,17488,1981,-47,-306,4068,620,15608,29,103,-53,25.94,78.69200000000001,65.83,241,1
2026-07-18T17:07:57.191Z,3368,500,17652,1963,13,-336,4216,588,15720,20,90,-30,25.94,78.69200000000001,65.82,241,1
2026-07-18T17:07:57.431Z,3424,500,17560,1978,-23,-323,4104,596,15668,58,86,-35,25.94,78.69200000000001,65.83,242,1
2026-07-18T17:07:57.971Z,3336,460,17480,1955,-16,-339,4196,540,15656,79,88,-60,25.94,78.69200000000001,65.82,242,1
2026-07-18T17:07:58.451Z,3348,472,17520,1947,-41,-308,4104,684,15648,51,96,-17,25.94,78.69200000000001,65.82,242,1
2026-07-18T17:07:58.460Z,3432,484,17504,1957,-57,-319,4116,632,15668,56,105,-23,25.94,78.69200000000001,65.82,242,1
2026-07-18T17:07:58.571Z,3444,472,17568,1966,-24,-324,4208,696,15704,52,67,-41,25.94,78.69200000000001,65.81,241,1
2026-07-18T17:07:58.752Z,3360,504,17692,1972,-33,-331,4200,588,15656,69,68,-5,25.92,78.656,65.79,242,1
2026-07-18T17:07:58.930Z,3324,448,17596,1963,4,-342,4128,652,15632,88,103,-24,25.94,78.69200000000001,65.79,242,1
2026-07-18T17:07:59.351Z,3384,432,17620,1984,-23,-346,4184,672,15712,47,87,-45,25.94,78.69200000000001,65.77,241,1
2026-07-18T17:07:59.533Z,3376,456,17568,1996,-8,-345,4148,600,15640,62,85,-2,25.94,78.69200000000001,65.76,242,1
2026-07-18T17:08:00.071Z,3392,484,17556,1995,3,-356,4152,616,15596,114,85,-10,25.95,78.71,65.76,242,1
2026-07-18T17:08:00.313Z,3344,544,17744,1999,-49,-323,4160,632,15696,56,95,-45,25.94,78.69200000000001,65.79,242,1
2026-07-18T17:08:00.912Z,3448,376,17652,1983,-18,-292,4108,592,15688,74,91,-19,25.95,78.71,65.77,241,1
2026-07-18T17:08:01.151Z,3380,492,17580,1974,33,-376,4168,616,15680,72,67,-46,25.94,78.69200000000001,65.76,241,1
2026-07-18T17:08:01.392Z,3432,432,17560,1978,-19,-328,4176,600,15640,60,90,-25,25.94,78.69200000000001,65.76,242,1
2026-07-18T17:08:01.691Z,3408,412,17580,1946,-17,-352,4168,692,15576,85,103,-7,25.95,78.71,65.76,241,1
2026-07-18T17:08:02.114Z,3396,476,17556,1982,-31,-331,4164,612,15632,31,89,-9,25.94,78.69200000000001,65.75,242,1
2026-07-18T17:08:02.292Z,3420,388,17612,1986,1,-341,4160,648,15736,34,116,-56,25.95,78.71,65.75,241,1
2026-07-18T17:08:02.652Z,3404,404,17628,1948,-43,-355,4148,620,15628,53,85,-51,25.95,78.71,65.75,233,1
2026-07-18T17:08:03.191Z,3360,488,17516,1974,-42,-317,4168,520,15524,69,86,-39,25.95,78.71,65.75,240,1
2026-07-18T17:08:03.553Z,3380,452,17564,1970,-33,-342,4184,572,15628,53,65,-49,25.92,78.656,65.77,242,1
2026-07-18T17:08:04.092Z,3388,456,17548,1989,-27,-317,4144,592,15640,73,118,-28,25.92,78.656,65.79,241,1
2026-07-18T17:08:04.453Z,3380,496,17716,1973,-21,-331,4112,624,15696,59,102,-12,25.95,78.71,65.79,241,1
2026-07-18T17:08:04.462Z,3336,560,17540,1984,-26,-318,4128,560,15544,63,87,-32,25.95,78.71,65.79,241,1
2026-07-18T17:08:04.572Z,3360,532,17536,1959,-17,-324,4168,624,15528,43,79,-20,25.95,78.71,65.79,242,1
2026-07-18T17:08:04.586Z,3324,460,17716,1974,1,-322,4180,632,15668,33,69,-74,25.96,78.72800000000001,65.79,242,1
2026-07-18T17:08:04.596Z,3340,428,17548,1927,-37,-339,4204,604,15760,55,79,-28,25.94,78.69200000000001,65.82,242,1
2026-07-18T17:08:04.603Z,3336,480,17576,1973,-11,-338,4144,592,15560,83,105,-31,25.94,78.69200000000001,65.82,241,1
2026-07-18T17:08:04.651Z,3336,452,17672,2011,-36,-304,4148,616,15700,64,124,-61,25.94,78.69200000000001,65.85,242,1
2026-07-18T17:08:04.661Z,3328,464,17528,1957,-8,-327,4160,636,15696,94,89,-64,25.94,78.69200000000001,65.86,243,1
2026-07-18T17:08:04.669Z,3392,484,17460,1985,-20,-298,4192,624,15604,50,110,-48,25.92,78.656,65.89,241,1
2026-07-18T17:08:04.814Z,3372,484,17508,2006,-23,-325,4160,648,15628,81,96,-25,25.92,78.656,65.89,241,1
2026-07-18T17:08:05.413Z,3336,504,17592,1974,-9,-319,4148,616,15600,64,117,-25,25.92,78.656,65.9,241,1
2026-07-18T17:08:05.532Z,3388,520,17596,1964,-29,-298,4140,620,15688,43,78,-62,25.94,78.69200000000001,65.9,242,1
2026-07-18T17:08:05.952Z,3360,440,17480,1999,-2,-357,4184,628,15600,69,78,-46,25.92,78.656,65.92,242,1
2026-07-18T17:08:06.252Z,3360,452,17624,1973,-26,-323,4152,688,15632,49,98,-30,25.94,78.69200000000001,65.92,242,1
2026-07-18T17:08:06.261Z,3332,472,17588,1970,-31,-332,4168,656,15660,77,64,-13,25.92,78.656,65.94,242,1
2026-07-18T17:08:06.268Z,3352,412,17576,1976,-31,-316,4112,620,15684,53,89,-31,25.92,78.656,65.95,242,1
2026-07-18T17:08:06.433Z,3400,396,17500,1932,-5,-334,4180,596,15632,63,120,-45,25.94,78.69200000000001,65.95,241,1
2026-07-18T17:08:06.913Z,3364,444,17568,1986,-14,-318,4148,624,15516,74,87,-38,25.94,78.69200000000001,65.97,241,1
2026-07-18T17:08:07.153Z,3460,456,17664,1963,11,-315,4236,624,15716,45,73,-59,25.94,78.69200000000001,65.97,241,1
2026-07-18T17:08:07.692Z,3412,440,17564,1994,-38,-329,4240,676,15624,90,72,-25,25.95,78.71,65.95,242,1
2026-07-18T17:08:07.933Z,3376,456,17648,1965,-37,-315,4116,596,15664,40,72,-62,25.95,78.71,65.95,242,1
2026-07-18T17:08:08.053Z,3368,460,17468,1981,-17,-278,4112,664,15700,78,108,5,25.98,78.764,65.95,242,1
2026-07-18T17:08:08.352Z,3320,484,17608,1968,-10,-368,4168,656,15712,63,114,-8,25.96,78.72800000000001,65.95,241,1
2026-07-18T17:08:08.713Z,3364,480,17516,1991,-22,-333,4160,656,15704,70,125,-69,25.96,78.72800000000001,65.94,242,1
2026-07-18T17:08:09.133Z,3352,336,17580,1965,12,-311,4164,572,15628,44,75,-67,25.98,78.764,65.92,241,1
2026-07-18T17:08:09.313Z,3376,436,17600,1981,-8,-335,4128,612,15600,76,95,2,25.96,78.72800000000001,65.92,241,1
2026-07-18T17:08:10.452Z,3352,460,17492,1992,-26,-340,4204,604,15560,65,117,-1,25.96,78.72800000000001,65.9,241,1
2026-07-18T17:08:10.693Z,3448,468,17600,1976,-29,-317,4152,628,15584,76,90,-30,25.96,78.72800000000001,65.9,241,1
2026-07-18T17:08:11.292Z,3404,436,17576,1967,-28,-342,4160,632,15580,29,86,3,25.98,78.764,65.9,241,1
2026-07-18T17:08:11.713Z,3384,496,17532,1939,-20,-309,4160,588,15556,89,71,-29,25.98,78.764,65.89,241,1
2026-07-18T17:08:12.253Z,3396,504,17588,2000,-39,-319,4220,628,15664,60,72,-34,25.95,78.71,65.89,242,1
2026-07-18T17:08:12.553Z,3356,432,17528,1959,-30,-323,4172,640,15620,65,110,-36,25.95,78.71,65.89,242,1
2026-07-18T17:08:13.752Z,3384,396,17584,1968,-55,-347,4108,552,15696,51,77,-11,25.96,78.72800000000001,65.9,242,1
2026-07-18T17:08:13.816Z,3408,404,17440,1931,-34,-351,4088,636,15540,93,80,-18,25.95,78.71,65.87,241,1
2026-07-18T17:08:14.051Z,3400,456,17584,2000,-48,-346,4140,628,15672,51,105,-37,25.96,78.72800000000001,65.89,241,1
2026-07-18T17:08:14.171Z,3316,448,17668,1967,-20,-327,4168,596,15632,42,68,-68,25.95,78.71,65.89,241,1
2026-07-18T17:08:14.652Z,3368,572,17580,1980,-24,-313,4104,600,15648,62,113,-43,25.96,78.72800000000001,65.9,241,1
2026-07-18T17:08:15.674Z,3380,464,17624,1950,0,-295,4200,524,15620,53,88,-56,25.94,78.69200000000001,65.92,241,1
2026-07-18T17:08:16.632Z,3352,456,17556,1949,-47,-297,4144,580,15724,60,82,-60,25.95,78.71,65.92,241,1
2026-07-18T17:08:17.771Z,3364,448,17604,1942,-46,-291,4148,612,15680,60,91,-33,25.95,78.71,65.9,241,1
2026-07-18T17:08:17.834Z,3364,508,17576,1963,-19,-334,4176,624,15628,44,75,-45,25.95,78.71,65.92,242,1
2026-07-18T17:08:17.843Z,3420,388,17616,1935,-28,-325,4184,660,15792,49,87,-40,25.95,78.71,65.92,241,1
2026-07-18T17:08:18.733Z,3372,428,17624,1957,-45,-333,4144,584,15644,94,81,-13,25.94,78.69200000000001,65.94,242,1
2026-07-18T17:08:19.212Z,3432,512,17432,2009,-27,-330,4108,700,15492,100,75,-52,25.94,78.69200000000001,65.92,241,1
2026-07-18T17:08:19.693Z,3428,496,17476,1958,-38,-318,4084,556,15680,51,96,-42,25.94,78.69200000000001,65.97,241,1
2026-07-18T17:08:20.114Z,3376,448,17632,1955,-25,-298,4132,660,15656,99,123,-10,25.95,78.71,65.97,241,1
2026-07-18T17:08:20.292Z,3416,424,17500,2014,-2,-311,4128,604,15608,57,85,-28,25.94,78.69200000000001,65.99,241,1
2026-07-18T17:08:21.014Z,3424,484,17612,1962,22,-307,4180,660,15736,50,125,-26,25.94,78.69200000000001,65.99,242,1
2026-07-18T17:08:22.753Z,3372,544,17528,1950,-15,-310,4112,604,15668,71,84,-4,25.94,78.69200000000001,65.99,242,1
2026-07-18T17:08:23.294Z,3356,444,17516,1953,-15,-312,4200,584,15632,81,83,-24,25.92,78.656,65.99,242,1
2026-07-18T17:08:23.593Z,3356,456,17680,1962,-10,-330,4168,584,15608,26,104,-7,25.94,78.69200000000001,66.06,242,1
2026-07-18T17:08:23.773Z,3412,420,17612,1982,-41,-278,4148,552,15616,97,84,-8,25.94,78.69200000000001,66.05,241,1
2026-07-18T17:08:23.953Z,3416,480,17624,1952,-33,-324,4212,604,15532,55,106,-32,25.94,78.69200000000001,66.05,242,1
2026-07-18T17:08:24.375Z,3388,460,17576,1953,-25,-351,4108,640,15596,77,67,0,25.95,78.71,66.05,241,1
2026-07-18T17:08:24.973Z,3364,460,17540,1968,-44,-340,4204,668,15632,36,88,-18,25.94,78.69200000000001,66.06,241,1
2026-07-18T17:08:25.453Z,3408,428,17592,1963,-11,-321,4124,600,15608,70,75,-74,25.92,78.656,66.12,241,1
2026-07-18T17:08:25.753Z,3388,404,17516,1985,-37,-340,4136,656,15644,94,100,-41,25.92,78.656,66.16,241,1
2026-07-18T17:08:25.993Z,3348,428,17620,1962,-23,-346,4172,608,15768,67,95,-45,25.91,78.638,66.19,241,1
2026-07-18T17:08:26.835Z,3448,532,17568,1947,-23,-330,4196,644,15684,59,82,-1,25.94,78.69200000000001,66.18,241,1
2026-07-18T17:08:27.015Z,3364,528,17496,1970,-25,-358,4096,600,15668,107,61,-48,25.95,78.71,66.18,241,1
2026-07-18T17:08:27.193Z,3376,424,17540,1948,-16,-342,4116,620,15656,56,112,5,25.91,78.638,66.19,241,1
2026-07-18T17:08:27.676Z,3400,464,17548,1980,3,-346,4148,596,15564,73,111,-4,25.91,78.638,66.19,241,1
2026-07-18T17:08:28.515Z,3376,476,17576,1967,-26,-358,4084,716,15600,60,96,-54,25.91,78.638,66.2,241,1
2026-07-18T17:08:28.753Z,3376,476,17524,1946,-4,-341,4140,604,15644,60,77,0,25.92,78.656,66.22,241,1
2026-07-18T17:08:29.175Z,3360,468,17500,1988,-30,-361,4124,648,15668,74,102,-33,25.92,78.656,66.22,241,1
2026-07-18T17:08:29.473Z,3388,480,17476,1979,-54,-296,4172,572,15572,52,51,-36,25.9,78.62,66.24,241,1
2026-07-18T17:08:29.593Z,3376,468,17548,1975,25,-315,4148,632,15672,39,87,-56,25.9,78.62,66.31,241,1
2026-07-18T17:08:29.774Z,3372,500,17536,1925,-14,-372,4156,640,15704,49,78,-18,25.91,78.638,66.34,242,1
2026-07-18T17:08:29.893Z,3364,448,17564,1969,-45,-321,4144,628,15604,36,104,-83,25.91,78.638,66.34,241,1
2026-07-18T17:08:30.375Z,3364,436,17648,1997,-46,-312,4168,568,15712,42,92,-80,25.91,78.638,66.32,241,1
2026-07-18T17:08:31.156Z,3440,384,17508,2000,-7,-325,4148,620,15692,51,80,-50,25.92,78.656,66.32,242,1
2026-07-18T17:08:31.396Z,3440,472,17532,1929,22,-340,4208,636,15580,58,49,-47,25.91,78.638,66.32,242,1
2026-07-18T17:08:31.570Z,3376,432,17592,2025,-5,-334,4140,576,15672,54,116,-33,25.91,78.638,66.32,241,1
2026-07-18T17:08:31.697Z,3384,460,17620,1990,-29,-328,4104,580,15688,49,97,-14,25.9,78.62,66.33,241,1
2026-07-18T17:08:31.874Z,3380,436,17628,1965,-12,-350,4072,660,15504,42,93,-30,25.91,78.638,66.32,241,1
2026-07-18T17:08:31.998Z,3328,440,17516,1977,-34,-300,4116,624,15652,71,88,-40,25.91,78.638,66.32,241,1
2026-07-18T17:08:32.655Z,3368,488,17500,1985,-26,-343,4160,604,15588,33,65,-35,25.91,78.638,66.34,241,1
2026-07-18T17:08:33.254Z,3404,476,17580,1963,-58,-317,4176,620,15560,58,102,-21,25.94,78.69200000000001,66.32,243,1
2026-07-18T17:08:33.496Z,3352,488,17504,1978,-4,-318,4120,588,15504,61,104,-29,25.92,78.656,66.31,241,1
2026-07-18T17:08:33.737Z,3348,464,17440,1941,-35,-325,4108,604,15684,58,60,-26,25.91,78.638,66.32,241,1
2026-07-18T17:08:33.860Z,3372,468,17616,2000,-44,-341,4108,576,15700,62,120,-48,25.91,78.638,66.34,242,1
2026-07-18T17:08:34.092Z,3420,480,17556,1981,-7,-358,4168,688,15656,70,111,-50,25.91,78.638,66.32,242,1
2026-07-18T17:08:34.393Z,3368,480,17508,1989,-3,-311,4096,676,15576,67,99,-25,25.91,78.638,66.34,242,1
2026-07-18T17:08:34.515Z,3388,480,17592,1950,-31,-321,4112,596,15724,71,69,3,25.91,78.638,66.34,241,1
2026-07-18T17:08:34.692Z,3448,456,17668,1921,28,-313,4224,672,15672,67,127,-29,25.92,78.656,66.32,241,1
2026-07-18T17:08:34.812Z,3380,476,17472,1970,-13,-316,4120,552,15680,59,84,-35,25.92,78.656,66.32,241,1
2026-07-18T17:08:35.233Z,3428,476,17488,2002,-30,-330,4080,636,15552,70,86,-29,25.92,78.656,66.31,242,1
2026-07-18T17:08:35.412Z,3360,432,17636,1959,-3,-332,4112,712,15684,55,93,-27,25.9,78.62,66.31,241,1
2026-07-18T17:08:35.592Z,3376,456,17652,1991,-9,-326,4152,580,15676,71,84,-74,25.91,78.638,66.34,241,1
2026-07-18T17:08:35.893Z,3440,436,17508,1965,-6,-323,4196,588,15512,97,58,-10,25.92,78.656,66.34,240,1
2026-07-18T17:08:36.077Z,3428,360,17568,1956,17,-328,4172,556,15712,69,72,-59,25.92,78.656,66.34,241,1
2026-07-18T17:08:36.203Z,3424,476,17556,1951,-13,-296,4180,628,15580,71,70,-25,25.94,78.69200000000001,66.32,242,1
2026-07-18T17:08:37.515Z,3376,476,17536,1969,-28,-331,4236,584,15608,78,102,-44,25.92,78.656,66.32,241,1
2026-07-18T17:08:37.695Z,3356,500,17652,1989,1,-340,4152,640,15668,70,82,-30,25.92,78.656,66.31,241,1
2026-07-18T17:08:38.052Z,3412,476,17600,1967,0,-320,4152,540,15684,83,95,-37,25.91,78.638,66.36,240,1
2026-07-18T17:08:38.474Z,3372,436,17544,2007,19,-327,4164,668,15520,68,80,4,25.9,78.62,66.37,241,1
2026-07-18T17:08:38.776Z,3424,380,17548,1982,-28,-351,4120,688,15644,30,119,-37,25.9,78.62,66.39,241,1
2026-07-18T17:08:39.138Z,3384,468,17572,1963,-22,-339,4084,616,15656,50,80,-52,25.9,78.62,66.39,241,1
2026-07-18T17:08:39.433Z,3368,412,17544,1943,7,-326,4136,660,15704,43,101,-42,25.91,78.638,66.4,241,1
2026-07-18T17:08:39.613Z,3360,444,17556,1999,-18,-324,4156,648,15620,53,61,-46,25.9,78.62,66.41,241,1
2026-07-18T17:08:39.961Z,3436,500,17592,1989,-49,-337,4220,608,15704,79,119,-13,25.9,78.62,66.43,241,1
2026-07-18T17:08:40.440Z,3436,400,17572,1989,-12,-309,4140,564,15620,72,70,-37,25.91,78.638,66.44,241,1
2026-07-18T17:08:40.500Z,3380,536,17632,2010,-23,-354,4068,556,15592,50,71,-31,25.9,78.62,66.43,240,1
2026-07-18T17:08:40.595Z,3416,420,17568,2019,-22,-299,4120,652,15716,72,115,-83,25.91,78.638,66.44,241,1
2026-07-18T17:08:40.697Z,3360,456,17592,1974,-34,-341,4164,608,15688,24,125,-41,25.87,78.566,66.45,242,1
2026-07-18T17:08:40.940Z,3348,504,17568,1929,3,-329,4132,672,15616,54,113,-10,25.88,78.584,66.45,242,1
2026-07-18T17:08:41.119Z,3320,508,17468,2004,-45,-331,4172,592,15568,54,101,-48,25.88,78.584,66.45,242,1
2026-07-18T17:08:41.316Z,3380,400,17564,1969,-35,-316,4184,684,15608,64,70,-87,25.86,78.548,66.48,241,1
2026-07-18T17:08:41.595Z,3380,472,17668,1982,-47,-356,4136,604,15748,67,87,-24,25.87,78.566,66.48,241,1
2026-07-18T17:08:41.836Z,3392,448,17564,1953,-26,-313,4136,632,15616,59,104,-10,25.88,78.584,66.48,242,1
2026-07-18T17:08:42.139Z,3440,368,17528,1964,-4,-339,4176,584,15692,29,105,-5,25.86,78.548,66.58,241,1
2026-07-18T17:08:42.315Z,3392,440,17532,1961,-8,-328,4092,568,15668,34,119,-44,25.87,78.566,66.57,241,1
2026-07-18T17:08:42.499Z,3436,504,17576,1982,-49,-298,4148,592,15652,73,81,-29,25.87,78.566,66.57,242,1
2026-07-18T17:08:42.674Z,3388,476,17624,1982,31,-338,4156,636,15544,91,112,-6,25.86,78.548,66.58,241,1
2026-07-18T17:08:42.975Z,3396,480,17476,1994,-12,-341,4140,628,15640,57,75,-26,25.87,78.566,66.6,241,1
2026-07-18T17:08:43.400Z,3420,480,17504,1993,-11,-331,4208,604,15660,49,82,-66,25.86,78.548,66.61,241,1
2026-07-18T17:08:43.637Z,3336,484,17608,1968,-50,-311,4148,604,15624,55,84,-66,25.87,78.566,66.63,240,1
2026-07-18T17:08:43.756Z,3340,472,17612,1978,-23,-337,4200,628,15764,45,81,-62,25.87,78.566,66.63,240,1
2026-07-18T17:08:43.939Z,3388,464,17524,1968,6,-320,4160,660,15620,51,86,-15,25.87,78.566,66.64,241,1
2026-07-18T17:08:44.365Z,3392,496,17652,1992,2,-333,4192,572,15716,106,77,-18,25.86,78.548,66.66,241,1
2026-07-18T17:08:44.480Z,3368,496,17492,1975,-19,-332,4168,636,15536,66,90,-26,25.87,78.566,66.66,240,1
2026-07-18T17:08:44.656Z,3404,400,17580,1967,-11,-318,4172,596,15568,68,98,-73,25.87,78.566,66.66,240,1
2026-07-18T17:08:45.016Z,3408,480,17560,1990,-41,-327,4132,620,15584,56,96,-44,25.87,78.566,66.67,241,1
2026-07-18T17:08:45.140Z,3380,464,17604,1984,-25,-342,4100,600,15628,48,92,-29,25.88,78.584,66.67,242,1
2026-07-18T17:08:45.798Z,3348,436,17596,1980,-14,-329,4184,608,15648,69,68,-57,25.88,78.584,66.67,240,1
2026-07-18T17:08:46.156Z,3312,500,17556,1947,-30,-324,4136,616,15668,96,96,-38,25.88,78.584,66.66,241,1
2026-07-18T17:08:46.454Z,3360,508,17548,1962,-25,-322,4156,584,15680,88,89,-46,25.88,78.584,66.66,242,1
2026-07-18T17:08:46.706Z,3348,460,17536,1950,-33,-350,4104,612,15672,41,112,-59,25.87,78.566,66.64,241,1
2026-07-18T17:08:47.000Z,3380,508,17496,1967,42,-334,4120,624,15624,40,74,4,25.87,78.566,66.67,241,1
2026-07-18T17:08:47.311Z,3364,520,17516,1973,-14,-349,4140,608,15576,20,54,-40,25.87,78.566,66.67,241,1
2026-07-18T17:08:47.477Z,3380,516,17600,1988,-41,-345,4152,604,15600,93,89,-16,25.88,78.584,66.67,241,1
2026-07-18T17:08:47.897Z,3376,472,17552,1980,-56,-315,4084,584,15588,54,108,-49,25.87,78.566,66.67,241,1
2026-07-18T17:08:48.075Z,3368,460,17616,1959,-5,-331,4088,624,15728,88,72,-14,25.87,78.566,66.67,242,1
2026-07-18T17:08:48.315Z,3388,392,17636,1964,-16,-308,4200,672,15668,46,92,-43,25.87,78.566,66.69,240,1
2026-07-18T17:08:48.617Z,3360,460,17604,1980,-37,-352,4140,616,15600,67,72,-19,25.87,78.566,66.69,240,1
2026-07-18T17:08:49.397Z,3412,472,17556,1961,-13,-330,4152,640,15604,89,77,1,25.88,78.584,66.67,241,1
2026-07-18T17:08:50.298Z,3328,452,17552,1949,-19,-331,4160,624,15596,69,99,-66,25.88,78.584,66.67,241,1
2026-07-18T17:08:50.595Z,3356,468,17540,1968,19,-329,4188,636,15528,48,81,-37,25.87,78.566,66.69,241,1
2026-07-18T17:08:50.837Z,3384,444,17564,2002,-37,-351,4160,588,15684,44,97,-41,25.88,78.584,66.67,241,1
2026-07-18T17:08:50.957Z,3312,500,17644,1944,-51,-347,4124,664,15732,47,90,-33,25.88,78.584,66.67,241,1
2026-07-18T17:08:51.333Z,3344,480,17488,1963,-9,-334,4168,672,15596,50,93,-35,25.88,78.584,66.69,241,1
2026-07-18T17:08:51.677Z,3364,548,17608,1969,-17,-341,4156,608,15668,73,94,-27,25.88,78.584,66.67,240,1
2026-07-18T17:08:51.877Z,3428,440,17580,1962,4,-353,4152,644,15480,57,133,-64,25.87,78.566,66.7,241,1
2026-07-18T17:08:52.107Z,3348,444,17640,1960,-20,-329,4164,592,15704,50,118,-21,25.87,78.566,66.69,239,1
2026-07-18T17:08:52.820Z,3336,548,17560,1970,-26,-349,4128,636,15716,66,112,-29,25.88,78.584,66.69,242,1
2026-07-18T17:08:53.299Z,3384,460,17612,2025,-14,-315,4124,616,15632,53,101,-56,25.88,78.584,66.69,240,1
2026-07-18T17:08:53.657Z,3392,448,17556,1979,3,-295,4108,608,15672,60,64,-34,25.88,78.584,66.67,241,1
2026-07-18T17:08:54.016Z,3380,516,17560,1974,-6,-337,4132,616,15716,70,108,8,25.88,78.584,66.66,241,1
2026-07-18T17:08:54.373Z,3352,476,17612,1958,-44,-339,4192,628,15640,70,97,-14,25.88,78.584,66.64,241,1
2026-07-18T17:08:54.797Z,3348,468,17556,1987,-12,-328,4144,668,15728,63,126,-67,25.88,78.584,66.61,242,1
2026-07-18T17:08:55.156Z,3332,484,17508,1990,-32,-332,4164,636,15548,92,109,6,25.88,78.584,66.6,240,1
2026-07-18T17:08:55.396Z,3372,428,17580,1929,-13,-309,4144,664,15552,53,105,-22,25.88,78.584,66.57,240,1
2026-07-18T17:08:55.698Z,3364,376,17508,1951,-2,-345,4112,660,15728,83,69,-74,25.87,78.566,66.55,241,1
2026-07-18T17:08:56.245Z,3356,436,17572,1954,-39,-313,4144,524,15668,58,80,-60,25.87,78.566,66.58,240,1
2026-07-18T17:08:56.657Z,3364,536,17496,1957,-36,-321,4188,624,15604,59,112,-30,25.87,78.566,66.58,240,1
2026-07-18T17:08:57.077Z,3292,456,17572,1980,0,-328,4132,608,15540,60,101,-59,25.88,78.584,66.57,240,1
2026-07-18T17:08:57.268Z,3352,404,17556,1985,11,-318,4168,588,15652,52,66,-37,25.88,78.584,66.54,241,1
2026-07-18T17:08:57.379Z,3364,520,17556,2006,-5,-339,4176,584,15700,89,102,-48,25.9,78.62,66.55,240,1
2026-07-18T17:08:58.519Z,3408,440,17648,1941,-50,-307,4096,640,15572,55,76,-53,25.87,78.566,66.53,241,1
2026-07-18T17:08:59.055Z,3376,460,17540,1948,-24,-328,4192,604,15648,67,82,-44,25.9,78.62,66.53,240,1
2026-07-18T17:08:59.598Z,3396,504,17584,1937,-21,-329,4160,584,15608,45,67,-23,25.88,78.584,66.51,241,1
2026-07-18T17:08:59.775Z,3392,424,17528,1945,-37,-321,4184,584,15652,67,73,-12,25.88,78.584,66.51,240,1
2026-07-18T17:09:00.736Z,3356,468,17536,1928,-18,-302,4148,664,15672,75,67,-64,25.88,78.584,66.54,240,1
2026-07-18T17:09:01.337Z,3436,392,17560,2001,-7,-282,4184,616,15700,61,84,-32,25.88,78.584,66.54,240,1
2026-07-18T17:09:01.937Z,3380,496,17636,1963,5,-313,4180,684,15628,82,88,-58,25.88,78.584,66.54,240,1
2026-07-18T17:09:02.438Z,3344,456,17436,1962,-60,-302,4136,612,15708,57,101,-86,25.9,78.62,66.55,240,1
2026-07-18T17:09:02.722Z,3368,488,17520,1962,-52,-318,4164,596,15628,53,90,-25,25.88,78.584,66.54,239,1
2026-07-18T17:09:03.142Z,3424,428,17484,1988,-30,-348,4084,600,15676,55,105,-79,25.87,78.566,66.48,240,1
2026-07-18T17:09:03.381Z,3336,496,17552,1983,-18,-330,4184,648,15696,53,87,-5,25.87,78.566,66.42,240,1
2026-07-18T17:09:03.974Z,3312,472,17596,1964,0,-345,4108,628,15656,70,94,-43,25.87,78.566,66.4,240,1
2026-07-18T17:09:04.397Z,3408,372,17524,1950,-8,-320,4172,600,15636,75,100,-43,25.87,78.566,66.36,240,1
2026-07-18T17:09:04.634Z,3432,424,17612,1954,14,-322,4128,620,15612,78,95,-31,25.87,78.566,66.31,240,1
2026-07-18T17:09:05.176Z,3360,476,17544,1945,-27,-362,4212,548,15656,93,131,-8,25.87,78.566,66.3,240,1
2026-07-18T17:09:05.896Z,3368,504,17624,1971,4,-364,4136,632,15664,84,119,-38,25.87,78.566,66.3,240,1
2026-07-18T17:09:05.909Z,3400,500,17548,1979,-1,-337,4212,672,15688,45,81,-23,25.88,78.584,66.28,239,1
2026-07-18T17:09:06.137Z,3352,456,17576,1980,-18,-332,4120,644,15632,60,127,-28,25.9,78.62,66.27,240,1
2026-07-18T17:09:06.497Z,3324,416,17608,1948,-20,-339,4140,600,15612,32,67,-20,25.87,78.566,66.28,240,1
2026-07-18T17:09:06.735Z,3344,476,17604,1960,-42,-334,4216,624,15704,62,83,-78,25.87,78.566,66.3,239,1
2026-07-18T17:09:06.854Z,3400,448,17608,1967,-8,-287,4208,644,15688,82,89,-33,25.86,78.548,66.31,239,1
2026-07-18T17:09:07.099Z,3380,440,17540,1941,-34,-337,4124,568,15612,53,96,-78,25.87,78.566,66.31,240,1
2026-07-18T17:09:07.695Z,3380,380,17516,1963,-34,-302,4176,616,15668,59,93,-61,25.87,78.566,66.32,239,1
2026-07-18T17:09:07.756Z,3368,472,17544,1990,-36,-347,4120,632,15636,57,103,-35,25.87,78.566,66.32,240,1
2026-07-18T17:09:07.767Z,3344,432,17656,1947,-49,-343,4140,560,15752,54,101,-4,25.87,78.566,66.34,239,1
2026-07-18T17:09:07.831Z,3304,436,17608,1958,-16,-320,4104,632,15708,55,94,-34,25.88,78.584,66.34,240,1
2026-07-18T17:09:07.861Z,3376,476,17636,1969,3,-356,4140,620,15724,56,126,-45,25.88,78.584,66.34,240,1
2026-07-18T17:09:08.717Z,3340,476,17560,1954,-28,-346,4220,600,15636,61,95,-60,25.87,78.566,66.36,239,1
2026-07-18T17:09:08.959Z,3300,456,17620,1970,-12,-329,4196,616,15636,51,58,-1,25.88,78.584,66.34,240,1
2026-07-18T17:09:09.019Z,3376,472,17628,1962,-24,-330,4172,608,15628,67,67,-29,25.88,78.584,66.34,239,1
2026-07-18T17:09:09.618Z,3404,464,17436,1973,-59,-312,4184,632,15632,3,97,-6,25.88,78.584,66.34,240,1
2026-07-18T17:09:09.890Z,3320,452,17572,1990,1,-308,4160,660,15580,48,83,-69,25.88,78.584,66.34,240,1
2026-07-18T17:09:09.929Z,3428,500,17564,1972,-22,-334,4140,612,15712,48,73,-55,25.88,78.584,66.34,240,1
2026-07-18T17:09:09.956Z,3336,496,17744,1984,-3,-352,4248,616,15648,62,110,-47,25.88,78.584,66.36,239,1
2026-07-18T17:09:10.009Z,3380,420,17556,1938,-6,-353,4140,616,15688,59,88,-65,25.9,78.62,66.34,239,1
2026-07-18T17:09:10.050Z,3400,532,17620,1991,13,-313,4152,640,15716,57,63,-10,25.88,78.584,66.34,239,1
2026-07-18T17:09:10.520Z,3372,504,17584,1969,-28,-312,4140,636,15636,55,88,-54,25.88,78.584,66.34,239,1
2026-07-18T17:09:10.643Z,3364,540,17456,2019,5,-353,4164,636,15612,89,61,-46,25.88,78.584,66.34,239,1
2026-07-18T17:09:10.657Z,3320,416,17452,1965,8,-300,4216,628,15616,102,82,-13,25.9,78.62,66.33,239,1
2026-07-18T17:09:11.239Z,3388,488,17620,1952,-4,-326,4156,612,15588,85,93,-55,25.9,78.62,66.33,239,1
2026-07-18T17:09:11.419Z,3352,488,17444,1943,-20,-307,4088,580,15540,63,103,-22,25.88,78.584,66.34,239,1
2026-07-18T17:09:11.723Z,3384,420,17572,2005,-5,-299,4192,612,15700,53,75,-37,25.88,78.584,66.32,240,1
2026-07-18T17:09:11.735Z,3372,492,17564,1948,-10,-323,4124,588,15628,76,97,6,25.9,78.62,66.33,239,1
2026-07-18T17:09:11.924Z,3404,428,17572,2007,-6,-342,4152,576,15572,59,111,-5,25.91,78.638,66.32,239,1
2026-07-18T17:09:11.961Z,3360,488,17536,1948,-19,-301,4140,544,15724,69,93,-28,25.92,78.656,66.31,238,1
2026-07-18T17:09:12.257Z,3376,496,17592,1974,12,-365,4148,624,15632,59,89,-32,25.88,78.584,66.32,239,1
2026-07-18T17:09:12.557Z,3412,408,17648,1971,-32,-320,4136,568,15720,68,74,-37,25.9,78.62,66.33,239,1
2026-07-18T17:09:12.568Z,3292,468,17712,1943,7,-340,4172,660,15600,58,53,-41,25.9,78.62,66.33,237,1
2026-07-18T17:09:13.218Z,3460,484,17652,1944,-11,-336,4196,560,15688,60,95,-56,25.88,78.584,66.34,239,1
2026-07-18T17:09:13.944Z,3376,452,17640,1943,-18,-295,4128,628,15712,61,81,-12,25.88,78.584,66.34,239,1
2026-07-18T17:09:14.302Z,3380,496,17500,1952,-13,-356,4100,600,15576,79,93,-28,25.9,78.62,66.33,239,1
2026-07-18T17:09:14.416Z,3384,476,17580,1947,-18,-327,4164,564,15584,81,61,-52,25.91,78.638,66.32,238,1
2026-07-18T17:09:14.844Z,3432,484,17528,2001,-26,-322,4144,636,15628,62,85,-57,25.91,78.638,66.32,240,1
2026-07-18T17:09:15.259Z,3324,472,17584,1976,-36,-343,4136,616,15568,46,98,-29,25.92,78.656,66.32,238,1
2026-07-18T17:09:15.858Z,3380,444,17580,1975,-30,-338,4208,632,15664,61,81,-69,25.9,78.62,66.31,238,1
2026-07-18T17:09:16.159Z,3320,496,17356,1960,1,-351,4164,704,15576,64,99,-67,25.91,78.638,66.31,239,1
2026-07-18T17:09:16.458Z,3384,468,17556,1974,-61,-344,4188,632,15676,60,95,-31,25.91,78.638,66.31,238,1
2026-07-18T17:09:16.637Z,3396,428,17536,1948,-21,-358,4216,636,15644,50,87,-28,25.9,78.62,66.31,239,1
2026-07-18T17:09:16.757Z,3412,480,17560,2004,-29,-331,4184,624,15652,47,68,-10,25.9,78.62,66.31,240,1
2026-07-18T17:09:17.182Z,3372,416,17616,1994,-16,-324,4124,648,15536,53,67,-39,25.9,78.62,66.31,239,1
2026-07-18T17:09:17.601Z,3344,516,17556,1982,-8,-325,4204,608,15672,88,114,-62,25.9,78.62,66.31,239,1
2026-07-18T17:09:17.838Z,3372,460,17632,1980,-18,-334,4168,576,15636,114,109,-31,25.91,78.638,66.31,239,1
2026-07-18T17:09:18.317Z,3364,444,17576,1950,-44,-322,4160,600,15616,50,82,-50,25.92,78.656,66.31,240,1
2026-07-18T17:09:18.433Z,3396,504,17540,1981,-4,-319,4144,604,15532,61,114,-54,25.9,78.62,66.3,240,1
2026-07-18T17:09:18.618Z,3328,464,17532,1925,-24,-330,4136,580,15572,46,79,-36,25.9,78.62,66.31,239,1
2026-07-18T17:09:18.857Z,3352,484,17548,2000,-59,-305,4096,580,15608,87,67,-12,25.91,78.638,66.32,239,1
2026-07-18T17:09:19.219Z,3392,416,17640,1995,-26,-359,4168,608,15604,91,78,25,25.88,78.584,66.32,239,1
2026-07-18T17:09:19.460Z,3408,512,17484,1966,-3,-354,4136,528,15548,63,86,-66,25.88,78.584,66.36,239,1
2026-07-18T17:09:19.818Z,3344,460,17692,1946,-51,-353,4124,736,15720,50,89,-5,25.88,78.584,66.36,240,1
2026-07-18T17:09:21.018Z,3348,444,17520,1991,-17,-304,4196,676,15632,72,69,8,25.9,78.62,66.36,239,1
2026-07-18T17:09:22.035Z,3356,500,17452,1966,-2,-323,4128,636,15584,71,94,1,25.88,78.584,66.36,240,1
2026-07-18T17:09:22.758Z,3396,548,17656,1964,12,-340,4140,664,15628,41,84,-35,25.88,78.584,66.36,240,1
2026-07-18T17:09:22.881Z,3368,500,17616,1987,-51,-320,4104,604,15616,77,109,-19,25.87,78.566,66.36,239,1
2026-07-18T17:09:23.055Z,3412,436,17588,1981,-36,-323,4180,568,15624,48,118,-14,25.87,78.566,66.38,240,1
2026-07-18T17:09:23.356Z,3388,544,17524,1982,-4,-323,4084,672,15556,56,94,-31,25.87,78.566,66.36,240,1
2026-07-18T17:09:23.537Z,3376,444,17652,1962,-6,-361,4164,532,15652,45,80,-69,25.88,78.584,66.36,239,1
2026-07-18T17:09:23.715Z,3420,532,17524,1953,-11,-350,4196,568,15784,89,108,-27,25.91,78.638,66.38,239,1
2026-07-18T17:09:24.019Z,3348,380,17536,1957,20,-312,4128,620,15624,67,91,-40,25.87,78.566,66.36,240,1
2026-07-18T17:09:24.198Z,3348,512,17548,1974,-43,-337,4148,688,15628,63,82,-66,25.86,78.548,66.38,239,1
2026-07-18T17:09:24.376Z,3348,480,17464,1938,-33,-333,4132,624,15692,49,121,-34,25.87,78.566,66.38,239,1
2026-07-18T17:09:24.556Z,3240,488,17648,1959,-18,-342,4112,708,15652,71,85,-37,25.87,78.566,66.4,239,1
2026-07-18T17:09:24.675Z,3424,444,17424,1977,-14,-355,4084,616,15580,67,66,-48,25.87,78.566,66.4,239,1
2026-07-18T17:09:24.916Z,3404,464,17584,1978,-38,-373,4176,572,15572,83,92,-79,25.88,78.584,66.38,240,1
2026-07-18T17:09:25.214Z,3404,440,17600,1954,-32,-329,4256,636,15556,45,91,-34,25.87,78.566,66.4,239,1
2026-07-18T17:09:25.520Z,3420,512,17472,1947,-10,-345,4160,600,15632,76,106,-11,25.86,78.548,66.4,239,1
2026-07-18T17:09:25.999Z,3364,444,17616,1981,-39,-358,4144,612,15584,61,77,-14,25.86,78.548,66.4,239,1
2026-07-18T17:09:26.481Z,3412,468,17516,2004,12,-339,4140,648,15640,77,69,10,25.86,78.548,66.41,240,1
2026-07-18T17:09:26.777Z,3352,448,17632,1991,-10,-331,4152,620,15628,105,83,-63,25.86,78.548,66.45,240,1
2026-07-18T17:09:26.956Z,3400,444,17556,1970,-28,-314,4156,600,15700,73,84,-18,25.86,78.548,66.47,240,1
2026-07-18T17:09:27.137Z,3396,432,17552,1969,-40,-345,4080,572,15580,88,75,-86,25.86,78.548,66.47,239,1
2026-07-18T17:09:27.558Z,3368,396,17564,1951,-54,-308,4160,576,15588,65,56,-69,25.87,78.566,66.45,240,1
2026-07-18T17:09:27.919Z,3376,408,17532,1971,7,-347,4128,624,15776,75,117,-22,25.87,78.566,66.45,239,1
2026-07-18T17:09:28.396Z,3324,496,17664,1964,-7,-301,4116,588,15648,53,105,6,25.87,78.566,66.44,239,1
2026-07-18T17:09:28.412Z,3388,436,17596,1971,2,-317,4108,632,15696,63,80,-21,25.87,78.566,66.44,239,1
2026-07-18T17:09:28.638Z,3320,468,17528,1998,-55,-348,4144,692,15612,50,93,-41,25.88,78.584,66.44,239,1
2026-07-18T17:09:28.819Z,3368,448,17588,1973,-11,-311,4124,616,15592,34,86,-19,25.86,78.548,66.44,238,1
2026-07-18T17:09:29.000Z,3360,392,17616,1990,5,-335,4124,652,15736,36,70,16,25.87,78.566,66.44,240,1
2026-07-18T17:09:29.176Z,3408,424,17624,1995,-31,-296,4120,628,15680,89,102,-19,25.87,78.566,66.44,239,1
2026-07-18T17:09:29.654Z,3364,452,17404,1939,-15,-299,4124,568,15576,57,78,-46,25.87,78.566,66.44,239,1
2026-07-18T17:09:29.837Z,3364,424,17512,2008,-17,-328,4100,592,15660,74,95,1,25.88,78.584,66.44,240,1
2026-07-18T17:09:30.077Z,3320,444,17540,1979,0,-399,4128,608,15540,85,80,-30,25.87,78.566,66.45,238,1
2026-07-18T17:09:30.318Z,3336,428,17720,1971,-8,-323,4128,596,15664,84,117,1,25.87,78.566,66.45,239,1
2026-07-18T17:09:30.556Z,3364,452,17660,1979,-42,-330,4156,656,15588,83,101,-44,25.88,78.584,66.45,239,1
2026-07-18T17:09:31.037Z,3332,420,17584,1926,-29,-328,4172,624,15616,85,123,-12,25.87,78.566,66.47,240,1
2026-07-18T17:09:31.453Z,3312,384,17556,1963,25,-336,4176,640,15720,37,106,-67,25.88,78.584,66.47,239,1
2026-07-18T17:09:32.176Z,3308,496,17640,1971,-24,-341,4160,604,15644,67,117,-30,25.87,78.566,66.51,240,1
2026-07-18T17:09:32.597Z,3448,480,17704,1984,-17,-332,4152,612,15732,57,96,-43,25.9,78.62,66.55,239,1
2026-07-18T17:09:33.316Z,3364,448,17484,1966,-45,-340,4124,588,15600,21,67,-28,25.9,78.62,66.58,240,1
2026-07-18T17:09:33.617Z,3388,420,17600,2005,-27,-347,4160,636,15604,44,83,-57,25.88,78.584,66.61,240,1
2026-07-18T17:09:34.334Z,3392,432,17540,1985,-27,-325,4172,636,15648,29,81,-3,25.88,78.584,66.61,239,1
2026-07-18T17:09:34.698Z,3444,448,17604,1972,38,-329,4140,640,15624,68,95,-32,25.88,78.584,66.6,239,1
2026-07-18T17:09:35.297Z,3464,516,17512,1954,-39,-330,4152,680,15664,47,107,-53,25.88,78.584,66.6,240,1
2026-07-18T17:09:35.477Z,3388,432,17540,1967,-22,-292,4180,576,15632,49,117,-34,25.9,78.62,66.59,240,1
2026-07-18T17:09:35.719Z,3348,532,17584,1967,3,-336,4112,604,15656,56,89,-6,25.9,78.62,66.58,239,1
2026-07-18T17:09:35.898Z,3376,544,17552,1978,-33,-334,4188,608,15616,63,84,-52,25.9,78.62,66.56,239,1
2026-07-18T17:09:36.197Z,3360,456,17424,1982,6,-341,4136,720,15680,34,73,-46,25.88,78.584,66.55,240,1
2026-07-18T17:09:36.437Z,3368,540,17568,1988,-17,-294,4108,592,15624,100,100,-19,25.9,78.62,66.58,239,1
2026-07-18T17:09:36.555Z,3340,520,17544,2005,-33,-353,4184,664,15640,55,86,-41,25.9,78.62,66.56,240,1
2026-07-18T17:09:36.809Z,3376,448,17648,1947,-37,-327,4152,612,15628,85,100,-20,25.9,78.62,66.56,240,1
2026-07-18T17:09:36.916Z,3336,420,17648,1983,-15,-353,4196,620,15696,69,83,-28,25.91,78.638,66.57,239,1
2026-07-18T17:09:37.155Z,3348,464,17556,1950,-30,-324,4108,648,15620,53,112,-67,25.91,78.638,66.57,240,1
2026-07-18T17:09:37.332Z,3360,432,17620,1975,-4,-319,4068,624,15728,80,109,-68,25.91,78.638,66.6,240,1
2026-07-18T17:09:37.636Z,3420,484,17480,1993,-47,-345,4100,576,15720,76,85,-27,25.91,78.638,66.61,240,1
2026-07-18T17:09:37.881Z,3444,468,17556,1964,-47,-330,4200,616,15684,35,100,-69,25.9,78.62,66.63,239,1
2026-07-18T17:09:38.539Z,3336,448,17440,1998,-19,-297,4136,632,15556,57,88,-42,25.91,78.638,66.64,238,1
2026-07-18T17:09:38.598Z,3368,460,17512,1983,-7,-322,4096,660,15668,104,89,-38,25.9,78.62,66.66,240,1
2026-07-18T17:09:38.833Z,3376,460,17548,1947,0,-349,4172,704,15632,40,90,-53,25.91,78.638,66.67,239,1
2026-07-18T17:09:38.893Z,3344,408,17520,1944,-40,-319,4176,640,15640,84,64,0,25.9,78.62,66.71,239,1
2026-07-18T17:09:39.077Z,3384,504,17652,1967,16,-321,4156,564,15632,104,71,-19,25.91,78.638,66.71,240,1
2026-07-18T17:09:39.256Z,3320,428,17644,2002,-47,-316,4200,656,15600,93,71,-52,25.9,78.62,66.69,240,1
2026-07-18T17:09:39.436Z,3368,432,17700,1981,-15,-344,4128,580,15664,41,109,-16,25.91,78.638,66.7,238,1
2026-07-18T17:09:39.451Z,3384,460,17568,1978,-25,-297,4136,620,15552,76,102,-19,25.91,78.638,66.69,239,1
2026-07-18T17:09:39.558Z,3320,428,17672,1977,-42,-307,4188,600,15672,53,83,-35,25.92,78.656,66.67,239,1
2026-07-18T17:09:39.737Z,3416,416,17608,1981,-28,-312,4160,620,15624,74,109,-57,25.91,78.638,66.67,239,1
2026-07-18T17:09:39.856Z,3336,540,17576,1953,-4,-322,4096,616,15704,42,75,-42,25.91,78.638,66.66,239,1
2026-07-18T17:09:40.031Z,3300,464,17644,1960,4,-305,4164,680,15516,55,82,-21,25.92,78.656,66.64,239,1
2026-07-18T17:09:40.094Z,3396,480,17528,1982,11,-337,4116,592,15716,59,78,-32,25.91,78.638,66.64,240,1
2026-07-18T17:09:40.106Z,3380,476,17592,1980,-28,-337,4228,624,15668,81,72,-24,25.92,78.656,66.63,239,1
2026-07-18T17:09:40.119Z,3340,520,17600,2001,-14,-339,4168,608,15604,76,100,-50,25.91,78.638,66.63,240,1
2026-07-18T17:09:40.214Z,3340,480,17604,1980,-20,-325,4140,580,15644,79,84,-39,25.92,78.656,66.63,240,1
2026-07-18T17:09:40.397Z,3456,440,17652,1973,-8,-314,4112,644,15728,77,86,-33,25.9,78.62,66.63,239,1
2026-07-18T17:09:40.755Z,3356,428,17576,1924,-11,-340,4224,668,15612,92,74,-63,25.91,78.638,66.63,239,1
2026-07-18T17:09:40.773Z,3412,444,17464,2005,-35,-303,4176,652,15600,45,87,-64,25.88,78.584,66.63,239,1
2026-07-18T17:09:40.875Z,3388,500,17512,1971,-52,-317,4168,576,15684,88,69,-46,25.91,78.638,66.63,239,1
2026-07-18T17:09:41.357Z,3352,440,17624,1982,-2,-345,4136,664,15564,69,117,-6,25.91,78.638,66.61,239,1
2026-07-18T17:09:41.657Z,3396,440,17524,1959,-38,-293,4108,608,15616,53,78,-11,25.92,78.656,66.6,240,1
2026-07-18T17:09:42.076Z,3348,408,17516,1983,-24,-364,4152,556,15752,61,83,-71,25.92,78.656,66.6,239,1
2026-07-18T17:09:42.381Z,3400,440,17420,1955,-33,-301,4168,644,15732,72,70,-35,25.92,78.656,66.58,240,1
2026-07-18T17:09:42.618Z,3400,516,17600,1965,-26,-331,4124,632,15612,52,94,-17,25.92,78.656,66.57,239,1
2026-07-18T17:09:42.734Z,3352,456,17508,1977,-38,-317,4116,604,15640,65,72,-31,25.92,78.656,66.55,240,1
2026-07-18T17:09:42.916Z,3396,408,17616,1965,9,-294,4196,632,15680,79,87,-65,25.94,78.69200000000001,66.55,239,1
2026-07-18T17:09:43.045Z,3380,424,17612,1962,-38,-311,4104,596,15800,87,86,-61,25.94,78.69200000000001,66.54,240,1
2026-07-18T17:09:43.456Z,3356,484,17544,1981,-31,-335,4188,672,15668,31,84,-56,25.94,78.69200000000001,66.53,240,1
2026-07-18T17:09:44.416Z,3356,420,17592,1939,-13,-317,4160,624,15712,39,87,-26,25.94,78.69200000000001,66.51,240,1
2026-07-18T17:09:44.717Z,3356,472,17580,1938,-37,-340,4256,624,15644,69,81,-64,25.92,78.656,66.48,239,1
2026-07-18T17:09:44.836Z,3372,508,17616,1964,-22,-338,4120,604,15600,51,86,-48,25.94,78.69200000000001,66.47,240,1
2026-07-18T17:09:44.958Z,3356,416,17556,1954,-29,-293,4108,636,15640,55,78,-48,25.95,78.71,66.45,239,1
2026-07-18T17:09:45.196Z,3368,424,17624,1955,-20,-344,4200,552,15656,72,86,-49,25.94,78.69200000000001,66.44,240,1
2026-07-18T17:09:45.618Z,3340,452,17584,1977,-73,-337,4160,596,15672,90,101,-19,25.94,78.69200000000001,66.41,239,1
2026-07-18T17:09:46.038Z,3372,492,17540,2003,-36,-321,4144,620,15692,60,89,-14,25.95,78.71,66.4,239,1
2026-07-18T17:09:46.154Z,3376,500,17624,1987,-19,-350,4124,640,15620,50,91,-13,25.95,78.71,66.36,239,1
2026-07-18T17:09:46.576Z,3328,460,17628,1925,-38,-341,4128,568,15688,63,96,0,25.95,78.71,66.36,238,1
2026-07-18T17:09:46.819Z,3424,544,17480,1970,-12,-331,4144,656,15572,47,106,-28,25.92,78.656,66.32,239,1
2026-07-18T17:09:46.998Z,3360,476,17576,1963,-18,-307,4160,660,15572,66,94,-19,25.91,78.638,66.31,240,1
2026-07-18T17:09:47.417Z,3448,508,17500,1959,-33,-352,4088,616,15584,78,94,-34,25.9,78.62,66.27,239,1
2026-07-18T17:09:47.718Z,3404,456,17612,1987,-45,-331,4120,596,15592,63,81,-19,25.9,78.62,66.28,239,1
2026-07-18T17:09:48.079Z,3348,456,17568,1986,-13,-324,4160,572,15568,96,93,-38,25.91,78.638,66.28,243,1
2026-07-18T17:09:48.318Z,3436,412,17552,1993,-8,-349,4164,632,15684,41,73,-37,25.92,78.656,66.28,240,1
2026-07-18T17:09:48.557Z,3384,448,17592,1974,-22,-322,4136,648,15676,71,66,-46,25.91,78.638,66.28,239,1
2026-07-18T17:09:48.979Z,3380,428,17620,1977,-28,-332,4192,608,15584,59,121,-2,25.92,78.656,66.26,240,1
2026-07-18T17:09:49.160Z,3400,444,17560,2003,12,-309,4200,584,15580,81,100,-27,25.9,78.62,66.27,240,1
2026-07-18T17:09:49.395Z,3356,436,17592,1933,-29,-317,4104,584,15592,78,114,-53,25.9,78.62,66.27,239,1
2026-07-18T17:09:50.296Z,3412,456,17468,1997,14,-312,4104,620,15704,65,113,-21,25.91,78.638,66.28,239,1
2026-07-18T17:09:50.656Z,3424,460,17580,1972,-25,-317,4156,608,15580,65,91,-35,25.92,78.656,66.26,239,1
2026-07-18T17:09:51.017Z,3348,512,17608,1987,-25,-296,4140,596,15548,65,86,-46,25.94,78.69200000000001,66.25,240,1
2026-07-18T17:09:51.195Z,3460,476,17600,1961,-15,-338,4152,608,15588,62,83,-41,25.92,78.656,66.23,239,1
2026-07-18T17:09:51.618Z,3396,464,17468,1966,-30,-313,4132,572,15652,70,73,-33,25.91,78.638,66.23,239,1
2026-07-18T17:09:52.160Z,3316,492,17640,1973,-12,-362,4100,620,15664,83,58,-38,25.92,78.656,66.23,239,1
2026-07-18T17:09:52.395Z,3368,464,17572,1981,28,-340,4176,632,15648,52,54,-23,25.92,78.656,66.23,239,1
2026-07-18T17:09:52.416Z,3376,428,17592,1978,-15,-316,4164,632,15660,81,51,-60,25.92,78.656,66.23,238,1
2026-07-18T17:09:52.428Z,3416,468,17444,1959,-37,-307,4156,640,15768,80,88,-11,25.91,78.638,66.23,240,1
2026-07-18T17:09:52.455Z,3352,452,17492,1954,-9,-339,4228,664,15584,61,87,4,25.92,78.656,66.23,239,1
2026-07-18T17:09:52.755Z,3368,480,17572,1966,-19,-304,4172,720,15696,78,140,-49,25.92,78.656,66.23,239,1
2026-07-18T17:09:52.934Z,3312,472,17528,1966,27,-344,4112,624,15600,46,100,-54,25.91,78.638,66.23,239,1
2026-07-18T17:09:53.114Z,3400,436,17476,1994,-43,-333,4116,596,15556,67,81,-12,25.92,78.656,66.23,239,1
2026-07-18T17:09:53.296Z,3396,452,17564,1955,-48,-331,4132,620,15756,48,63,-50,25.94,78.69200000000001,66.23,239,1
2026-07-18T17:09:53.476Z,3372,440,17632,1960,-13,-311,4212,640,15676,29,103,8,25.92,78.656,66.23,239,1
2026-07-18T17:09:54.138Z,3364,400,17588,1985,8,-331,4108,600,15700,70,89,-4,25.92,78.656,66.23,239,1
2026-07-18T17:09:54.319Z,3424,496,17572,1941,-9,-320,4092,608,15676,62,102,-21,25.95,78.71,66.22,239,1
2026-07-18T17:09:54.560Z,3372,436,17456,1961,-13,-343,4144,596,15620,77,85,-28,25.95,78.71,66.22,239,1
2026-07-18T17:09:54.795Z,3408,468,17508,1963,-15,-314,4120,608,15624,90,84,-80,25.91,78.638,66.23,240,1
2026-07-18T17:09:55.158Z,3348,484,17604,1975,-27,-304,4092,600,15640,60,94,-63,25.91,78.638,66.23,239,1
2026-07-18T17:09:55.212Z,3396,468,17612,1926,-52,-313,4208,600,15612,75,77,-12,25.91,78.638,66.23,239,1
2026-07-18T17:09:55.456Z,3416,372,17440,1969,-37,-343,4140,648,15680,59,78,-26,25.92,78.656,66.22,238,1
2026-07-18T17:09:55.697Z,3352,480,17608,1991,-15,-324,4140,580,15620,59,90,-29,25.91,78.638,66.23,239,1
2026-07-18T17:09:55.818Z,3328,468,17708,1959,-21,-292,4176,616,15636,83,88,-68,25.92,78.656,66.2,239,1
2026-07-18T17:09:56.056Z,3388,440,17584,1960,-12,-321,4188,668,15600,58,66,-13,25.92,78.656,66.2,239,1
2026-07-18T17:09:56.297Z,3380,472,17668,1962,8,-321,4224,696,15668,67,69,-60,25.94,78.69200000000001,66.19,239,1
2026-07-18T17:09:56.416Z,3392,440,17552,1958,10,-362,4224,584,15568,77,77,-23,25.95,78.71,66.18,240,1
2026-07-18T17:09:56.596Z,3328,472,17592,1954,-21,-329,4192,676,15772,48,116,-51,25.95,78.71,66.16,239,1
2026-07-18T17:09:57.376Z,3400,400,17624,1939,-59,-323,4140,576,15668,44,75,-68,25.95,78.71,66.15,238,1
2026-07-18T17:09:57.798Z,3324,540,17584,1985,-23,-332,4176,592,15712,70,83,-14,25.96,78.72800000000001,66.16,238,1
2026-07-18T17:09:58.339Z,3424,436,17552,1951,-37,-304,4184,588,15548,56,63,16,25.95,78.71,66.13,239,1
2026-07-18T17:09:58.697Z,3316,420,17472,1960,-4,-350,4108,600,15712,51,104,-23,25.95,78.71,66.13,239,1
2026-07-18T17:09:59.358Z,3356,504,17652,1972,-56,-325,4120,644,15592,56,79,-49,25.94,78.69200000000001,66.12,238,1
2026-07-18T17:09:59.714Z,3356,484,17564,1978,7,-327,4132,640,15744,64,102,-29,25.92,78.656,66.13,239,1
2026-07-18T17:10:00.318Z,3416,484,17616,1954,-14,-299,4196,616,15620,51,91,-37,25.95,78.71,66.13,238,1
2026-07-18T17:10:00.917Z,3404,480,17568,1961,-4,-326,4168,644,15624,46,76,-54,25.94,78.69200000000001,66.13,239,1
2026-07-18T17:10:01.272Z,3300,508,17544,1964,-19,-337,4128,556,15680,65,104,3,25.95,78.71,66.13,239,1
2026-07-18T17:10:01.873Z,3388,508,17528,1953,-18,-322,4104,668,15780,44,96,-45,25.94,78.69200000000001,66.12,240,1
2026-07-18T17:10:02.056Z,3352,444,17452,1974,-36,-321,4148,624,15668,22,91,-47,25.95,78.71,66.12,239,1
2026-07-18T17:10:02.358Z,3332,456,17560,1941,-33,-315,4168,640,15592,87,90,-28,25.95,78.71,66.1,237,1
2026-07-18T17:10:03.137Z,3372,520,17532,1951,-10,-337,4100,568,15612,75,74,-21,25.95,78.71,66.1,239,1
2026-07-18T17:10:03.437Z,3320,440,17596,1996,18,-332,4112,592,15500,17,84,-69,25.96,78.72800000000001,66.09,239,1
2026-07-18T17:10:03.917Z,3348,440,17584,1957,-11,-334,4168,620,15684,81,59,-13,25.95,78.71,66.09,238,1
2026-07-18T17:10:04.217Z,3356,452,17536,1959,-9,-340,4176,624,15632,84,72,-55,25.94,78.69200000000001,66.09,238,1
2026-07-18T17:10:04.456Z,3368,452,17608,1989,-9,-345,4124,644,15712,33,100,-51,25.96,78.72800000000001,66.09,238,1
2026-07-18T17:10:04.576Z,3416,524,17488,1974,-35,-324,4108,640,15688,80,112,-71,25.96,78.72800000000001,66.08,239,1
2026-07-18T17:10:04.816Z,3372,424,17544,1970,-67,-317,4112,660,15672,63,108,-24,25.94,78.69200000000001,66.1,238,1
2026-07-18T17:10:04.937Z,3388,504,17632,1970,-38,-317,4156,596,15592,59,93,-27,25.94,78.69200000000001,66.1,238,1
2026-07-18T17:10:05.352Z,3336,504,17504,1973,-3,-328,4136,616,15624,71,87,6,25.94,78.69200000000001,66.1,239,1
2026-07-18T17:10:05.538Z,3352,416,17668,1976,-10,-341,4120,576,15684,56,95,-37,25.95,78.71,66.1,238,1
2026-07-18T17:10:06.017Z,3360,524,17560,1958,-45,-332,4100,624,15604,47,98,-87,25.94,78.69200000000001,66.1,239,1
2026-07-18T17:10:06.136Z,3344,460,17580,1987,-22,-302,4120,652,15528,40,73,-73,25.92,78.656,66.1,238,1
2026-07-18T17:10:06.552Z,3412,484,17536,1958,-5,-339,4132,616,15588,88,98,-64,25.94,78.69200000000001,66.09,238,1
2026-07-18T17:10:06.563Z,3352,384,17548,1994,-14,-334,4176,608,15636,71,114,-48,25.94,78.69200000000001,66.1,239,1
2026-07-18T17:10:06.616Z,3364,508,17500,1969,-26,-330,4188,620,15612,58,77,-46,25.94,78.69200000000001,66.1,238,1
2026-07-18T17:10:06.857Z,3344,472,17672,1981,-27,-332,4192,604,15728,66,90,-57,25.94,78.69200000000001,66.1,238,1
2026-07-18T17:10:07.035Z,3384,468,17516,1956,-34,-297,4116,592,15628,93,101,-17,25.95,78.71,66.1,238,1
2026-07-18T17:10:07.277Z,3384,508,17576,1961,-22,-312,4136,648,15672,57,75,-47,25.95,78.71,66.09,238,1
2026-07-18T17:10:07.454Z,3356,476,17516,1971,-39,-326,4148,596,15644,42,84,-29,25.94,78.69200000000001,66.08,238,1
2026-07-18T17:10:07.519Z,3440,488,17460,1965,-9,-337,4148,552,15720,57,108,-22,25.94,78.69200000000001,66.08,238,1
2026-07-18T17:10:07.817Z,3420,420,17564,2008,7,-337,4164,620,15608,100,99,-58,25.94,78.69200000000001,66.08,238,1
2026-07-18T17:10:07.936Z,3300,452,17516,1972,-51,-316,4196,664,15696,37,91,-49,25.94,78.69200000000001,66.06,238,1
2026-07-18T17:10:08.112Z,3376,468,17552,1980,-14,-329,4128,560,15652,40,82,-29,25.94,78.69200000000001,66.06,239,1
2026-07-18T17:10:08.355Z,3352,492,17620,1973,-9,-350,4188,548,15696,47,93,-10,25.95,78.71,66.05,238,1
2026-07-18T17:10:08.716Z,3356,536,17612,1993,-14,-352,4208,624,15604,35,106,-36,25.95,78.71,66.03,238,1
2026-07-18T17:10:08.895Z,3364,492,17516,1995,4,-318,4168,632,15724,61,68,-67,25.96,78.72800000000001,66.04,238,1
2026-07-18T17:10:09.077Z,3364,472,17704,1968,-26,-342,4168,632,15540,85,110,-40,25.95,78.71,66.03,239,1
2026-07-18T17:10:09.195Z,3356,432,17580,2009,-16,-317,4192,580,15588,85,97,-74,25.94,78.69200000000001,66.03,238,1
2026-07-18T17:10:09.617Z,3324,424,17628,1962,7,-331,4184,640,15672,61,91,-32,25.94,78.69200000000001,66.03,238,1
2026-07-18T17:10:10.037Z,3436,500,17620,1999,-48,-342,4144,644,15704,79,72,-66,25.95,78.71,66.03,239,1
2026-07-18T17:10:10.517Z,3416,472,17548,1949,6,-322,4140,672,15716,46,52,-39,25.94,78.69200000000001,66.03,239,1
2026-07-18T17:10:10.874Z,3328,464,17612,1963,-21,-323,4148,572,15668,60,95,-60,25.95,78.71,66.03,238,1
2026-07-18T17:10:10.936Z,3392,460,17656,1951,-8,-309,4192,680,15584,89,87,-50,25.96,78.72800000000001,66.03,239,1
2026-07-18T17:10:11.119Z,3368,516,17604,1975,-19,-312,4156,632,15536,70,96,-11,25.95,78.71,66.01,238,1
2026-07-18T17:10:11.417Z,3348,536,17552,1975,-42,-330,4168,656,15600,68,100,-36,25.95,78.71,66.01,237,1
2026-07-18T17:10:12.136Z,3424,428,17564,1987,3,-344,4200,636,15660,67,99,-31,25.95,78.71,66.01,239,1
2026-07-18T17:10:12.259Z,3316,412,17620,1971,-14,-350,4140,620,15652,61,77,-25,25.95,78.71,66.01,239,1
2026-07-18T17:10:12.556Z,3340,444,17584,1960,-18,-337,4160,596,15632,47,92,-32,25.96,78.72800000000001,66.03,238,1
2026-07-18T17:10:12.674Z,3376,460,17556,1936,-14,-319,4088,672,15688,87,83,-21,25.95,78.71,66.03,238,1
2026-07-18T17:10:13.518Z,3424,448,17516,1961,-39,-342,4224,580,15696,56,102,-25,25.95,78.71,66.03,238,1
2026-07-18T17:10:13.874Z,3288,416,17512,2003,-51,-320,4176,572,15584,77,66,-32,25.96,78.72800000000001,66.03,239,1
2026-07-18T17:10:14.116Z,3320,444,17564,1953,-24,-351,4076,692,15720,90,69,12,25.96,78.72800000000001,66.04,238,1
2026-07-18T17:10:14.355Z,3388,488,17504,1950,-11,-318,4132,576,15616,59,123,-38,25.94,78.69200000000001,66.05,238,1
2026-07-18T17:10:14.535Z,3324,444,17480,1965,-60,-301,4148,548,15552,52,78,-28,25.95,78.71,66.05,239,1
2026-07-18T17:10:14.955Z,3376,440,17692,1995,-35,-354,4152,612,15592,35,106,-31,25.95,78.71,66.06,238,1
2026-07-18T17:10:15.314Z,3388,444,17668,1955,7,-324,4148,632,15588,83,83,-84,25.95,78.71,66.05,238,1
2026-07-18T17:10:15.554Z,3384,528,17424,1982,-17,-333,4112,648,15552,39,86,-31,25.95,78.71,66.08,238,1
2026-07-18T17:10:16.038Z,3352,444,17508,1983,-41,-342,4164,612,15516,60,98,-47,25.94,78.69200000000001,66.09,239,1
2026-07-18T17:10:16.336Z,3360,468,17472,1970,-7,-344,4156,620,15560,93,86,-7,25.92,78.656,66.12,238,1
2026-07-18T17:10:16.637Z,3436,508,17576,1984,-42,-342,4136,596,15636,81,109,-55,25.94,78.69200000000001,66.15,239,1
2026-07-18T17:10:16.874Z,3352,492,17648,1997,-64,-359,4156,564,15644,56,93,-60,25.95,78.71,66.13,238,1
2026-07-18T17:10:17.478Z,3380,512,17540,1962,-10,-295,4144,680,15520,85,98,-49,25.95,78.71,66.13,238,1
2026-07-18T17:10:17.897Z,3452,448,17544,1958,-41,-329,4128,620,15568,27,107,-28,25.94,78.69200000000001,66.15,238,1
2026-07-18T17:10:18.557Z,3392,456,17608,1965,-34,-323,4184,616,15684,64,74,-40,25.92,78.656,66.19,237,1
2026-07-18T17:10:18.738Z,3352,460,17520,1957,8,-357,4112,640,15492,69,78,6,25.95,78.71,66.19,238,1
2026-07-18T17:10:18.914Z,3464,500,17536,1969,15,-336,4116,596,15636,79,84,14,25.94,78.69200000000001,66.19,238,1
2026-07-18T17:10:19.394Z,3332,472,17632,1935,-23,-320,4188,588,15716,56,88,-51,25.95,78.71,66.19,239,1
2026-07-18T17:10:19.518Z,3332,500,17560,1977,-28,-333,4124,612,15620,74,88,-59,25.92,78.656,66.2,238,1
2026-07-18T17:10:19.876Z,3392,488,17476,1964,-23,-320,4152,532,15632,68,79,-32,25.94,78.69200000000001,66.22,239,1
2026-07-18T17:10:20.715Z,3388,404,17624,1978,-11,-334,4156,564,15636,67,88,-28,25.94,78.69200000000001,66.22,238,1
2026-07-18T17:10:20.838Z,3380,488,17428,1997,-44,-301,4144,664,15544,87,101,-49,25.94,78.69200000000001,66.22,237,1
2026-07-18T17:10:21.254Z,3392,460,17584,1959,-27,-320,4204,644,15648,111,115,-47,25.94,78.69200000000001,66.2,237,1
2026-07-18T17:10:21.556Z,3392,432,17416,1962,-32,-344,4156,628,15616,35,77,-18,25.92,78.656,66.2,237,1
2026-07-18T17:10:21.856Z,3348,496,17520,1993,-38,-337,4140,604,15660,40,77,-33,25.92,78.656,66.2,238,1
2026-07-18T17:10:22.398Z,3376,424,17584,1950,-15,-362,4116,584,15680,102,89,-63,25.92,78.656,66.2,238,1
2026-07-18T17:10:22.755Z,3328,464,17544,1959,-12,-303,4148,616,15596,71,97,-9,25.92,78.656,66.2,237,1
2026-07-18T17:10:22.999Z,3444,468,17640,1962,11,-338,4156,584,15676,58,70,-43,25.92,78.656,66.2,238,1
2026-07-18T17:10:23.119Z,3368,456,17548,1966,14,-329,4132,628,15596,57,112,-42,25.94,78.69200000000001,66.19,240,1
2026-07-18T17:10:23.417Z,3340,532,17512,1946,-47,-375,4156,580,15592,90,111,-66,25.92,78.656,66.18,252,1
2026-07-18T17:10:23.834Z,3344,476,17596,1975,-20,-332,4132,516,15592,58,100,-20,25.92,78.656,66.18,237,1
2026-07-18T17:10:23.845Z,3412,408,17608,1969,-19,-343,4140,596,15716,43,73,-78,25.92,78.656,66.19,237,1
2026-07-18T17:10:23.856Z,3336,492,17468,1990,-17,-320,4160,608,15544,64,93,-12,25.91,78.638,66.23,239,1
2026-07-18T17:10:23.915Z,3340,400,17544,1982,-9,-309,4184,644,15544,49,99,-29,25.94,78.69200000000001,66.23,239,1
2026-07-18T17:10:23.925Z,3368,524,17540,1953,23,-327,4188,612,15628,55,84,-36,25.92,78.656,66.25,238,1
2026-07-18T17:10:23.954Z,3428,468,17568,1961,-24,-321,4116,580,15660,37,91,-85,25.92,78.656,66.28,235,1
2026-07-18T17:10:24.132Z,3312,480,17436,1971,-33,-331,4152,660,15596,67,80,-7,25.92,78.656,66.28,238,1
2026-07-18T17:10:24.379Z,3400,560,17676,1991,-18,-308,4068,644,15688,56,41,-28,25.92,78.656,66.3,238,1
2026-07-18T17:10:24.855Z,3368,440,17568,1957,24,-316,4092,648,15656,44,63,-68,25.9,78.62,66.41,238,1
2026-07-18T17:10:25.215Z,3376,452,17564,1969,-46,-317,4212,656,15616,56,124,-28,25.91,78.638,66.41,238,1
2026-07-18T17:10:25.398Z,3348,456,17588,1962,-40,-325,4176,528,15540,60,131,-41,25.91,78.638,66.44,237,1
2026-07-18T17:10:25.994Z,3372,396,17580,1971,-32,-324,4160,652,15648,75,78,-21,25.9,78.62,66.46,239,1
2026-07-18T17:10:26.180Z,3360,504,17568,1949,-11,-340,4152,588,15648,59,78,-29,25.9,78.62,66.46,238,1
2026-07-18T17:10:26.297Z,3368,444,17492,1976,16,-309,4148,632,15704,25,113,-42,25.9,78.62,66.48,238,1
2026-07-18T17:10:26.596Z,3380,492,17648,1949,-25,-326,4156,596,15592,50,89,-2,25.91,78.638,66.5,238,1
2026-07-18T17:10:26.950Z,3484,448,17636,1980,6,-356,4160,576,15600,78,97,-74,25.9,78.62,66.49,238,1
2026-07-18T17:10:27.073Z,3432,492,17512,1950,-23,-360,4124,636,15536,87,108,-32,25.92,78.656,66.5,239,1
2026-07-18T17:10:27.087Z,3404,472,17664,1948,5,-341,4136,536,15620,85,135,-47,25.9,78.62,66.5,238,1
2026-07-18T17:10:27.618Z,3396,500,17548,1970,-40,-307,4168,648,15632,71,41,-46,25.9,78.62,66.55,239,1
2026-07-18T17:10:27.917Z,3340,480,17652,1973,-26,-285,4116,572,15668,51,71,-54,25.91,78.638,66.55,238,1
2026-07-18T17:10:28.276Z,3356,516,17564,1946,-13,-353,4156,576,15544,61,75,-56,25.91,78.638,66.55,239,1
2026-07-18T17:10:28.815Z,3472,484,17556,1991,-27,-328,4156,632,15584,87,83,-23,25.92,78.656,66.55,238,1
2026-07-18T17:10:29.234Z,3420,484,17620,1956,-37,-327,4172,596,15652,40,87,-32,25.92,78.656,66.55,239,1
2026-07-18T17:10:29.417Z,3424,412,17600,2000,-11,-339,4196,572,15620,73,91,-50,25.94,78.69200000000001,66.55,237,1
2026-07-18T17:10:29.474Z,3372,456,17612,1959,-12,-335,4172,612,15644,63,100,9,25.94,78.69200000000001,66.55,239,1
2026-07-18T17:10:29.833Z,3332,532,17584,2017,-30,-344,4200,532,15604,62,97,-48,25.94,78.69200000000001,66.55,239,1
2026-07-18T17:10:30.194Z,3368,452,17504,1952,-14,-310,4216,576,15616,43,77,-68,25.92,78.656,66.58,238,1
2026-07-18T17:10:30.434Z,3396,372,17600,1957,-47,-305,4228,588,15680,78,100,-30,25.9,78.62,66.63,239,1
2026-07-18T17:10:30.494Z,3372,400,17596,1966,-27,-333,4180,596,15680,53,102,-24,25.91,78.638,66.66,237,1
2026-07-18T17:10:30.733Z,3420,492,17672,2001,-22,-319,4144,692,15632,54,80,-37,25.9,78.62,66.66,238,1
2026-07-18T17:10:30.914Z,3380,468,17424,1999,-21,-322,4180,592,15664,86,101,21,25.9,78.62,66.65,238,1
2026-07-18T17:10:31.095Z,3392,460,17616,1985,-4,-327,4108,628,15580,55,107,-26,25.91,78.638,66.64,239,1
2026-07-18T17:10:31.511Z,3408,408,17636,1968,-28,-316,4152,604,15652,34,67,-7,25.91,78.638,66.64,238,1
2026-07-18T17:10:31.815Z,3424,452,17532,1955,-26,-329,4152,648,15696,51,128,-27,25.91,78.638,66.64,239,1
2026-07-18T17:10:32.054Z,3312,492,17640,1966,-16,-332,4144,552,15640,36,105,-39,25.92,78.656,66.63,238,1
2026-07-18T17:10:32.353Z,3412,400,17560,2004,-21,-298,4184,660,15572,77,78,-40,25.92,78.656,66.61,238,1
2026-07-18T17:10:32.834Z,3456,432,17660,1951,-59,-350,4132,572,15620,71,108,-32,25.91,78.638,66.61,239,1
2026-07-18T17:10:33.194Z,3328,476,17520,1942,-11,-343,4176,628,15552,55,110,15,25.91,78.638,66.6,239,1
2026-07-18T17:10:33.854Z,3368,440,17576,1967,-37,-303,4108,532,15696,86,115,-34,25.91,78.638,66.6,238,1
2026-07-18T17:10:34.031Z,3348,400,17580,1999,-38,-330,4148,576,15612,63,62,-12,25.9,78.62,66.61,238,1
2026-07-18T17:10:34.395Z,3356,480,17584,1959,-46,-322,4160,628,15628,86,102,-25,25.9,78.62,66.61,238,1
2026-07-18T17:10:34.992Z,3332,444,17588,1943,-7,-333,4116,588,15780,28,99,-64,25.9,78.62,66.61,239,1
2026-07-18T17:10:35.416Z,3332,468,17504,1966,24,-314,4116,584,15636,54,73,-39,25.92,78.656,66.6,238,1
2026-07-18T17:10:35.715Z,3332,468,17616,1968,-70,-337,4152,612,15648,18,103,-56,25.9,78.62,66.59,239,1
2026-07-18T17:10:36.013Z,3416,456,17536,1970,-27,-323,4196,568,15656,70,91,-54,25.9,78.62,66.59,238,1
2026-07-18T17:10:36.314Z,3388,452,17520,1938,-29,-326,4172,624,15568,70,65,-46,25.88,78.584,66.58,239,1
2026-07-18T17:10:36.495Z,3364,424,17548,1989,6,-339,4136,612,15644,80,84,-49,25.91,78.638,66.58,238,1
2026-07-18T17:10:36.794Z,3396,480,17544,1955,7,-307,4148,712,15580,46,130,-55,25.9,78.62,66.58,239,1
2026-07-18T17:10:37.391Z,3380,480,17500,1967,9,-340,4136,644,15720,74,86,-40,25.9,78.62,66.58,239,1
2026-07-18T17:10:38.832Z,3296,432,17664,1983,4,-349,4148,604,15640,88,85,-43,25.91,78.638,66.58,239,1
2026-07-18T17:10:39.132Z,3348,392,17608,1945,-38,-321,4100,600,15652,90,87,-25,25.88,78.584,66.58,238,1
2026-07-18T17:10:39.432Z,3324,412,17540,1986,0,-308,4128,556,15728,65,80,7,25.88,78.584,66.57,238,1
2026-07-18T17:10:39.789Z,3428,524,17692,1951,-45,-323,4176,640,15788,65,106,-23,25.88,78.584,66.54,238,1
2026-07-18T17:10:40.150Z,3368,452,17456,1978,-43,-303,4228,708,15644,86,104,-35,25.88,78.584,66.54,239,1
2026-07-18T17:10:40.511Z,3404,424,17588,1945,-31,-331,4188,592,15580,59,95,11,25.88,78.584,66.54,239,1
2026-07-18T17:10:40.989Z,3328,440,17620,1995,-32,-315,4160,660,15564,49,93,-53,25.88,78.584,66.54,238,1
2026-07-18T17:10:41.229Z,3372,356,17632,1988,-29,-336,4184,640,15612,113,86,-57,25.87,78.566,66.51,238,1
2026-07-18T17:10:41.712Z,3304,416,17616,1960,0,-306,4152,596,15640,81,84,-36,25.9,78.62,66.52,239,1
2026-07-18T17:10:41.829Z,3376,448,17672,1966,-69,-323,4232,640,15680,64,44,-35,25.87,78.566,66.5,238,1
2026-07-18T17:10:42.731Z,3324,484,17616,1959,-29,-337,4176,556,15648,69,83,-26,25.88,78.584,66.51,238,1
2026-07-18T17:10:43.869Z,3344,488,17612,1955,-30,-361,4136,640,15632,81,61,-32,25.88,78.584,66.53,238,1
2026-07-18T17:10:44.168Z,3348,464,17592,1934,-4,-306,4136,600,15676,78,81,-28,25.88,78.584,66.53,238,1
2026-07-18T17:10:44.650Z,3380,508,17720,2000,5,-340,4136,644,15636,1,110,-67,25.88,78.584,66.53,238,1
2026-07-18T17:10:45.311Z,3356,560,17572,1964,2,-332,4156,636,15684,76,79,-28,25.88,78.584,66.53,238,1
2026-07-18T17:10:45.431Z,3388,520,17608,1968,-27,-334,4112,592,15632,83,83,-44,25.88,78.584,66.51,238,1
2026-07-18T17:10:45.849Z,3436,460,17488,1979,-19,-337,4160,648,15624,37,75,-26,25.88,78.584,66.51,239,1
2026-07-18T17:10:46.034Z,3380,460,17456,1949,-41,-310,4032,600,15688,50,62,1,25.87,78.566,66.5,237,1
2026-07-18T17:10:46.389Z,3396,472,17596,1992,0,-331,4164,620,15532,60,87,-23,25.87,78.566,66.54,238,1
2026-07-18T17:10:46.688Z,3320,476,17596,1981,-27,-362,4120,660,15648,41,90,-19,25.87,78.566,66.54,238,1
2026-07-18T17:10:46.989Z,3416,496,17700,1974,-23,-347,4208,648,15592,52,82,-33,25.87,78.566,66.58,238,1
2026-07-18T17:10:47.289Z,3332,472,17604,1960,-65,-306,4184,628,15568,49,67,-52,25.87,78.566,66.61,237,1
2026-07-18T17:10:47.588Z,3360,484,17656,1957,15,-324,4196,612,15704,78,83,-36,25.88,78.584,66.64,239,1
2026-07-18T17:10:47.889Z,3368,472,17588,1960,-48,-335,4168,636,15680,75,101,-39,25.87,78.566,66.64,239,1
2026-07-18T17:10:48.012Z,3376,488,17616,1969,-36,-337,4180,552,15700,39,80,-24,25.88,78.584,66.67,239,1
2026-07-18T17:10:48.368Z,3332,456,17544,1951,-22,-335,4176,552,15676,40,71,-17,25.87,78.566,66.69,238,1
2026-07-18T17:10:48.611Z,3368,456,17612,1967,-44,-331,4104,604,15660,60,90,-35,25.87,78.566,66.71,237,1
2026-07-18T17:10:49.035Z,3380,456,17592,1997,-31,-289,4136,612,15632,28,91,-42,25.87,78.566,66.7,238,1
2026-07-18T17:10:49.749Z,3336,516,17568,1970,-7,-323,4216,552,15740,63,111,-49,25.87,78.566,66.75,238,1
2026-07-18T17:10:50.108Z,3344,400,17520,1928,-23,-328,4212,628,15616,55,96,-35,25.86,78.548,66.81,238,1
2026-07-18T17:10:50.767Z,3372,528,17496,1986,6,-332,4156,592,15572,71,71,-18,25.87,78.566,66.81,239,1
2026-07-18T17:10:51.130Z,3428,476,17612,1948,7,-338,4148,676,15604,46,89,-26,25.87,78.566,66.83,239,1
2026-07-18T17:10:52.088Z,3356,528,17580,2002,-29,-366,4112,636,15660,57,99,-13,25.87,78.566,66.84,238,1
2026-07-18T17:10:52.630Z,3316,488,17584,1943,-7,-303,4192,580,15712,74,86,-17,25.9,78.62,66.84,238,1
2026-07-18T17:10:52.748Z,3352,472,17616,1951,-51,-311,4172,620,15596,64,68,-36,25.88,78.584,66.84,238,1
2026-07-18T17:10:52.930Z,3416,456,17644,1945,-36,-321,4112,616,15592,78,79,-18,25.88,78.584,66.84,238,1
2026-07-18T17:10:53.112Z,3336,436,17568,1961,-13,-318,4136,584,15620,71,94,-30,25.87,78.566,66.84,238,1
2026-07-18T17:10:53.231Z,3356,496,17620,1960,7,-308,4124,620,15732,92,93,-45,25.88,78.584,66.84,238,1
2026-07-18T17:10:53.349Z,3348,532,17580,1980,-46,-337,4096,596,15536,79,86,-81,25.9,78.62,66.85,238,1
2026-07-18T17:10:53.711Z,3316,388,17708,1958,-49,-346,4172,620,15688,61,76,-36,25.9,78.62,66.85,238,1
2026-07-18T17:10:54.610Z,3344,436,17556,1962,-12,-335,4108,620,15664,57,80,-43,25.88,78.584,66.84,238,1
2026-07-18T17:10:54.731Z,3360,460,17540,1928,4,-327,4084,564,15616,70,78,-68,25.88,78.584,66.83,238,1
2026-07-18T17:10:54.849Z,3388,432,17560,1946,-2,-332,4168,592,15588,91,83,-23,25.91,78.638,66.84,237,1
2026-07-18T17:10:55.567Z,3392,400,17636,1977,-68,-320,4180,636,15616,76,96,-48,25.88,78.584,66.84,239,1
2026-07-18T17:10:55.687Z,3412,448,17596,1943,-12,-337,4104,636,15572,76,83,-44,25.9,78.62,66.85,239,1
2026-07-18T17:10:55.928Z,3380,444,17648,1980,-64,-304,4156,644,15728,66,103,-72,25.87,78.566,66.88,239,1
2026-07-18T17:10:56.167Z,3308,508,17556,1968,-51,-327,4188,664,15624,64,91,-3,25.87,78.566,66.89,238,1
2026-07-18T17:10:56.467Z,3372,396,17464,2002,8,-334,4200,600,15640,69,93,-84,25.87,78.566,66.88,238,1
2026-07-18T17:10:57.067Z,3324,476,17560,1956,-20,-332,4176,580,15672,67,83,-48,25.87,78.566,66.81,238,1
2026-07-18T17:10:57.250Z,3368,452,17524,1980,11,-349,4100,556,15576,87,128,-44,25.87,78.566,66.77,238,1
2026-07-18T17:10:57.430Z,3316,440,17548,1977,-22,-332,4216,592,15652,61,87,-6,25.86,78.548,66.71,238,1
2026-07-18T17:10:57.667Z,3396,516,17592,1977,-14,-307,4168,640,15652,82,87,-43,25.86,78.548,66.75,239,1